<?xml version="1.0" encoding="UTF-8"?>
<archive xmlns="http://rs.tdwg.org/dwc/text/" metadata="eml.xml">
  <core encoding="UTF-8" fieldsTerminatedBy="\t" linesTerminatedBy="\n" 
        ignoreHeaderLines="1" rowType="http://rs.tdwg.org/dwc/terms/Event">
    <files>
      <location>event.txt</location>
    </files>
    <id index="0"/>
    <field index="0" term="http://rs.tdwg.org/dwc/terms/eventID"/>
    <field index="1" term="http://rs.tdwg.org/dwc/terms/parentEventID"/>
    <field index="2" term="http://rs.tdwg.org/dwc/terms/eventDate"/>
    <field index="3" term="http://rs.tdwg.org/dwc/terms/decimalLatitude"/>
    <field index="4" term="http://rs.tdwg.org/dwc/terms/decimalLongitude"/>
    <field index="5" term="http://rs.tdwg.org/dwc/terms/geodeticDatum"/>
    <field index="6" term="http://rs.tdwg.org/dwc/terms/coordinateUncertaintyInMeters"/>
    <field index="7" term="http://rs.tdwg.org/dwc/terms/minimumDepthInMeters"/>
    <field index="8" term="http://rs.tdwg.org/dwc/terms/maximumDepthInMeters"/>
    <field index="9" term="http://rs.tdwg.org/dwc/terms/samplingProtocol"/>
    <field index="10" term="http://rs.tdwg.org/dwc/terms/sampleSizeValue"/>
    <field index="11" term="http://rs.tdwg.org/dwc/terms/sampleSizeUnit"/>
    <field index="12" term="http://rs.tdwg.org/dwc/terms/eventRemarks"/>
    <field index="13" term="http://rs.tdwg.org/dwc/terms/eventType"/>
    <field index="14" term="http://rs.tdwg.org/dwc/terms/datasetID"/>
    <field index="15" term="http://rs.tdwg.org/dwc/terms/locationID"/>
    <field index="16" term="http://rs.tdwg.org/dwc/terms/waterBody"/>
    <field index="17" term="http://rs.tdwg.org/dwc/terms/footprintWKT"/>
    <field index="18" term="http://rs.tdwg.org/dwc/terms/footprintSRS"/>
    <field index="19" term="http://rs.tdwg.org/dwc/terms/samplingEffort"/>
  </core>
  
  <extension encoding="UTF-8" fieldsTerminatedBy="\t" linesTerminatedBy="\n" 
            ignoreHeaderLines="1" 
            rowType="http://rs.tdwg.org/dwc/terms/Occurrence">
    <files>
      <location>occurrence.txt</location>
    </files>
    <coreid index="0"/>
    <field index="0" term="http://rs.tdwg.org/dwc/terms/eventID"/>
    <field index="1" term="http://rs.tdwg.org/dwc/terms/occurrenceID"/>
    <field index="2" term="http://rs.tdwg.org/dwc/terms/basisOfRecord"/>
    <field index="3" term="http://rs.tdwg.org/dwc/terms/occurrenceStatus"/>
    <field index="4" term="http://rs.tdwg.org/dwc/terms/vernacularName"/>
    <field index="5" term="http://rs.tdwg.org/dwc/terms/scientificName"/>
    <field index="6" term="http://rs.tdwg.org/dwc/terms/scientificNameID"/>
    <field index="7" term="http://rs.tdwg.org/dwc/terms/taxonRank"/>
    <field index="8" term="http://rs.tdwg.org/dwc/terms/kingdom"/>
    <field index="9" term="http://rs.tdwg.org/dwc/terms/individualCount"/>
    <field index="10" term="http://rs.tdwg.org/dwc/terms/organismQuantity"/>
    <field index="11" term="http://rs.tdwg.org/dwc/terms/organismQuantityType"/>
    <field index="12" term="http://rs.tdwg.org/dwc/terms/occurrenceRemarks"/>
  </extension>
  
  <extension encoding="UTF-8" fieldsTerminatedBy="\t" linesTerminatedBy="\n" 
            ignoreHeaderLines="1" 
            rowType="http://rs.iobis.org/obis/terms/ExtendedMeasurementOrFact">
    <files>
        <location>extendedmeasurementorfact.txt</location>
    </files>
    <coreid index="0"/>
    <field index="0" term="http://rs.tdwg.org/dwc/terms/eventID"/>
    <field index="1" term="http://rs.tdwg.org/dwc/terms/occurrenceID"/>
    <field index="2" term="http://rs.tdwg.org/dwc/terms/measurementID"/>
    <field index="3" term="http://rs.tdwg.org/dwc/terms/measurementType"/>
    <field index="4" term="http://rs.tdwg.org/dwc/terms/measurementValue"/>
    <field index="5" term="http://rs.tdwg.org/dwc/terms/measurementUnit"/>
    <field index="6" term="http://rs.tdwg.org/dwc/terms/measurementTypeID"/>
    <field index="7" term="http://rs.tdwg.org/dwc/terms/measurementValueID"/>
    <field index="8" term="http://rs.tdwg.org/dwc/terms/measurementAccuracy"/>
    <field index="9" term="http://rs.tdwg.org/dwc/terms/measurementDeterminedDate"/>
    <field index="10" term="http://rs.tdwg.org/dwc/terms/measurementDeterminedBy"/>
    <field index="11" term="http://rs.tdwg.org/dwc/terms/measurementMethod"/>
    <field index="12" term="http://rs.tdwg.org/dwc/terms/measurementRemarks"/>
   </extension>
</archive>